doc_id,keyword,adjective,lemma,context,context_sentiment,context_score,hate_label,hate_score
047461152_20_2019-24_pdf_022_047461152_20_2019-24_pdf_022_0003,flüchtlingsberatung,große,groß,"zur abschließenden Beratung überwiesen...................................................1688 53. Antrag Stephan Grüger (SPD), Tobias Eckert (SPD), Elke Barth (SPD), Knut John (SPD), Marius Weiß (SPD), Fraktion der SPD Der Solardeckel muss weg  Drucks. 20/1226 ............................................1688 Dem Ausschuss für Wirtschaft, Energie, Verkehr und Wohnen zur abschließenden Beratung überwiesen...................................................1688 22. Antrag Fraktion DIE LINKE Unabhängige Flüchtlingsberatung ausbauen, statt Menschen mit Rückkehrberatung zur Ausreise zu drängen  Drucks. 20/499 ..............................................1688 Dem Innenausschuss zur abschließenden Beratung überwiesen...............................................1688 Hermann Schaus................................................. 1688 14. Große Anfrage Fraktion der AfD Verpflichtungserklärungen und Erstattungsbescheide in Hessen  Drucks. 20/875 zu Drucks. 20/152 ...............1688 Von der Tagesordnung abgesetzt.........................1688 15. Große Anfrage Ulrike Alex (SPD),",negative,0.890165388584137,HATE,0.5353969931602478
047461152_20_2019-24_pdf_022_047461152_20_2019-24_pdf_022_0003,flüchtlingsberatung,große,groß,"zur abschließenden Beratung überwiesen...................................................1688 53. Antrag Stephan Grüger (SPD), Tobias Eckert (SPD), Elke Barth (SPD), Knut John (SPD), Marius Weiß (SPD), Fraktion der SPD Der Solardeckel muss weg  Drucks. 20/1226 ............................................1688 Dem Ausschuss für Wirtschaft, Energie, Verkehr und Wohnen zur abschließenden Beratung überwiesen...................................................1688 22. Antrag Fraktion DIE LINKE Unabhängige Flüchtlingsberatung ausbauen, statt Menschen mit Rückkehrberatung zur Ausreise zu drängen  Drucks. 20/499 ..............................................1688 Dem Innenausschuss zur abschließenden Beratung überwiesen...............................................1688 Hermann Schaus................................................. 1688 14. Große Anfrage Fraktion der AfD Verpflichtungserklärungen und Erstattungsbescheide in Hessen  Drucks. 20/875 zu Drucks. 20/152 ...............1688 Von der Tagesordnung abgesetzt.........................1688 15. Große Anfrage Ulrike Alex (SPD),",negative,0.890165388584137,HATE,0.5353969931602478
047461152_20_2019-24_pdf_027_047461152_20_2019-24_pdf_027_0002,ausländerbeiräte,politischen,politisch,"4. Erste Lesung Gesetzentwurf Fraktion der CDU, Fraktion BÜNDNIS 90/ DIE GRÜNEN Gesetz zur Verbesserung der politischen Teilhabe von ausländischen Einwohnerinnen und Einwohnern an der Kommunalpolitik sowie zur Änderung kommunal-und wahlrechtlicher Vorschriften  Drucks. 20/1644 ............................................2051 Nach erster Lesung dem Innenausschuss überwiesen...........................................................2063 58. Antrag Fraktion der SPD Stärkung der hessischen Ausländerbeiräte  Drucks. 20/1643 ............................................2051 Dem Innenausschuss überwiesen........................2063 Alexander Bauer................................................. 2051 Turgut Yüksel............................................ 2053, 2060 Volker Richter..................................................... 2055 Saadet Sönmez.......................................... 2056, 2060 Yanki Pürsün............................................. 2058, 2061 Mathias Wagner (Taunus)......................... 2058, 2061 Minister Peter Beuth........................................... 2062 53. AntragFraktion der CDU, Fraktion BÜNDNIS 90/ DIE GRÜNEN Erweiterung von Hessens Nationalpark Kellerwald-Edersee  Drucks.",neutral,0.9726125001907348,HATE,0.6538535952568054
047461152_20_2019-24_pdf_027_047461152_20_2019-24_pdf_027_0002,ausländerbeiräte,ausländischen,ausländisch,"4. Erste Lesung Gesetzentwurf Fraktion der CDU, Fraktion BÜNDNIS 90/ DIE GRÜNEN Gesetz zur Verbesserung der politischen Teilhabe von ausländischen Einwohnerinnen und Einwohnern an der Kommunalpolitik sowie zur Änderung kommunal-und wahlrechtlicher Vorschriften  Drucks. 20/1644 ............................................2051 Nach erster Lesung dem Innenausschuss überwiesen...........................................................2063 58. Antrag Fraktion der SPD Stärkung der hessischen Ausländerbeiräte  Drucks. 20/1643 ............................................2051 Dem Innenausschuss überwiesen........................2063 Alexander Bauer................................................. 2051 Turgut Yüksel............................................ 2053, 2060 Volker Richter..................................................... 2055 Saadet Sönmez.......................................... 2056, 2060 Yanki Pürsün............................................. 2058, 2061 Mathias Wagner (Taunus)......................... 2058, 2061 Minister Peter Beuth........................................... 2062 53. AntragFraktion der CDU, Fraktion BÜNDNIS 90/ DIE GRÜNEN Erweiterung von Hessens Nationalpark Kellerwald-Edersee  Drucks.",neutral,0.9726125001907348,HATE,0.6538535952568054
047461152_20_2019-24_pdf_046_047461152_20_2019-24_pdf_046_0002,flüchtlingendringend,aktuelle,aktuell,"ein großes gesellschaftliches Problem und muss endlich entschieden bekämpft werden Drucks. 20/3037 ............................................3507 Abgehalten...........................................................3514 Saadet Sönmez.......................................... 3507, 3514 Lukas Schauder................................................... 3508 Turgut Yüksel...................................................... 3509 Dimitri Schulz..................................................... 3510 Alexander Bauer..................................................3511 Dr. h.c. Jörg-Uwe Hahn...................................... 3512 Minister Peter Beuth........................................... 3513 Robert Lambrou.................................................. 3514 97. Antrag Aktuelle StundeFraktion der SPD Humanitäre Aufnahme von Flüchtlingendringend notwendig  Landesaufnahmeprogramm für Hessen muss jetzt endlich vorgelegt werden Drucks. 20/3039 ............................................3514 Abgehalten...........................................................3521 Frank-Tilo Becher............................................... 3515 Taylan Burcu....................................................... 3516 Yanki Pürsün....................................................... 3517 Ismail Tipi........................................................... 3517 Saadet Sönmez.................................................... 3518 Volker Richter..................................................... 3519 Minister Peter Beuth........................................... 3520 98. Antrag Aktuelle StundeFraktion der CDU Bundesweit steigen die Übergriffe auf Einsatzkräfte. Wer andere",positive,0.8518239259719849,HATE,0.5516584515571594
047461152_20_2019-24_pdf_046_047461152_20_2019-24_pdf_046_0002,flüchtlingendringend,humanitäre,humanitär,"ein großes gesellschaftliches Problem und muss endlich entschieden bekämpft werden Drucks. 20/3037 ............................................3507 Abgehalten...........................................................3514 Saadet Sönmez.......................................... 3507, 3514 Lukas Schauder................................................... 3508 Turgut Yüksel...................................................... 3509 Dimitri Schulz..................................................... 3510 Alexander Bauer..................................................3511 Dr. h.c. Jörg-Uwe Hahn...................................... 3512 Minister Peter Beuth........................................... 3513 Robert Lambrou.................................................. 3514 97. Antrag Aktuelle StundeFraktion der SPD Humanitäre Aufnahme von Flüchtlingendringend notwendig  Landesaufnahmeprogramm für Hessen muss jetzt endlich vorgelegt werden Drucks. 20/3039 ............................................3514 Abgehalten...........................................................3521 Frank-Tilo Becher............................................... 3515 Taylan Burcu....................................................... 3516 Yanki Pürsün....................................................... 3517 Ismail Tipi........................................................... 3517 Saadet Sönmez.................................................... 3518 Volker Richter..................................................... 3519 Minister Peter Beuth........................................... 3520 98. Antrag Aktuelle StundeFraktion der CDU Bundesweit steigen die Übergriffe auf Einsatzkräfte. Wer andere",positive,0.8518239259719849,HATE,0.5516584515571594
047461152_20_2019-24_pdf_046_047461152_20_2019-24_pdf_046_0002,flüchtlingendringend,notwendig,notwendig,"ein großes gesellschaftliches Problem und muss endlich entschieden bekämpft werden Drucks. 20/3037 ............................................3507 Abgehalten...........................................................3514 Saadet Sönmez.......................................... 3507, 3514 Lukas Schauder................................................... 3508 Turgut Yüksel...................................................... 3509 Dimitri Schulz..................................................... 3510 Alexander Bauer..................................................3511 Dr. h.c. Jörg-Uwe Hahn...................................... 3512 Minister Peter Beuth........................................... 3513 Robert Lambrou.................................................. 3514 97. Antrag Aktuelle StundeFraktion der SPD Humanitäre Aufnahme von Flüchtlingendringend notwendig  Landesaufnahmeprogramm für Hessen muss jetzt endlich vorgelegt werden Drucks. 20/3039 ............................................3514 Abgehalten...........................................................3521 Frank-Tilo Becher............................................... 3515 Taylan Burcu....................................................... 3516 Yanki Pürsün....................................................... 3517 Ismail Tipi........................................................... 3517 Saadet Sönmez.................................................... 3518 Volker Richter..................................................... 3519 Minister Peter Beuth........................................... 3520 98. Antrag Aktuelle StundeFraktion der CDU Bundesweit steigen die Übergriffe auf Einsatzkräfte. Wer andere",positive,0.8518239259719849,HATE,0.5516584515571594
047461152_20_2019-24_pdf_046_047461152_20_2019-24_pdf_046_0002,flüchtlingendringend,aktuelle,aktuell,"ein großes gesellschaftliches Problem und muss endlich entschieden bekämpft werden Drucks. 20/3037 ............................................3507 Abgehalten...........................................................3514 Saadet Sönmez.......................................... 3507, 3514 Lukas Schauder................................................... 3508 Turgut Yüksel...................................................... 3509 Dimitri Schulz..................................................... 3510 Alexander Bauer..................................................3511 Dr. h.c. Jörg-Uwe Hahn...................................... 3512 Minister Peter Beuth........................................... 3513 Robert Lambrou.................................................. 3514 97. Antrag Aktuelle StundeFraktion der SPD Humanitäre Aufnahme von Flüchtlingendringend notwendig  Landesaufnahmeprogramm für Hessen muss jetzt endlich vorgelegt werden Drucks. 20/3039 ............................................3514 Abgehalten...........................................................3521 Frank-Tilo Becher............................................... 3515 Taylan Burcu....................................................... 3516 Yanki Pürsün....................................................... 3517 Ismail Tipi........................................................... 3517 Saadet Sönmez.................................................... 3518 Volker Richter..................................................... 3519 Minister Peter Beuth........................................... 3520 98. Antrag Aktuelle StundeFraktion der CDU Bundesweit steigen die Übergriffe auf Einsatzkräfte. Wer andere",positive,0.8518239259719849,HATE,0.5516584515571594
047461152_20_2019-24_pdf_055_047461152_20_2019-24_pdf_055_0001,moria-migranten,aktuelle,aktuell,"20. Wahlperiode Plenarprotokoll 20/55 HESSISCHER LANDTAG 01. 10. 2020 55. Sitzung Wiesbaden, den 1. Oktober 2020 Amtliche Mitteilungen........................................4161 Saadet Sönmez.....................................................4163 Taylan Burcu........................................................4164 Entgegengenommen.............................................4161 Robert Lambrou...................................................4165 Vizepräsident Frank Lortz...................................4161 Ismail Tipi............................................................4166 Frank-Tilo Becher................................................4166 Yanki Pürsün........................................................4168 74. Antrag Aktuelle Stunde Minister Peter Beuth............................................4168 Fraktion der AfD Moria-Migranten  Hessens Staatsministerin Lucia Puttrich (CDU) hat recht: Die-75. Antrag Aktuelle Stunde ser Gewaltausbruch darf nicht belohnt Fraktion der Freien Demokraten werden. Der nächste Wilke-Wurst-Skandal steht  Drucks. 20/3739 .............................................4161 vor der Tür. Ministerin Hinz stimmt Ausdünnung der Lebensmittelkontrollen zu. Abgehalten...........................................................4163  Drucks. 20/3740 .............................................4169 Robert Lambrou...................................................4161 Abgehalten...........................................................4176 Wiebke Knell.......................................................4169",negative,0.9588721990585328,HATE,0.5156488418579102
047461152_20_2019-24_pdf_055_047461152_20_2019-24_pdf_055_0001,moria-migranten,aktuelle,aktuell,"20. Wahlperiode Plenarprotokoll 20/55 HESSISCHER LANDTAG 01. 10. 2020 55. Sitzung Wiesbaden, den 1. Oktober 2020 Amtliche Mitteilungen........................................4161 Saadet Sönmez.....................................................4163 Taylan Burcu........................................................4164 Entgegengenommen.............................................4161 Robert Lambrou...................................................4165 Vizepräsident Frank Lortz...................................4161 Ismail Tipi............................................................4166 Frank-Tilo Becher................................................4166 Yanki Pürsün........................................................4168 74. Antrag Aktuelle Stunde Minister Peter Beuth............................................4168 Fraktion der AfD Moria-Migranten  Hessens Staatsministerin Lucia Puttrich (CDU) hat recht: Die-75. Antrag Aktuelle Stunde ser Gewaltausbruch darf nicht belohnt Fraktion der Freien Demokraten werden. Der nächste Wilke-Wurst-Skandal steht  Drucks. 20/3739 .............................................4161 vor der Tür. Ministerin Hinz stimmt Ausdünnung der Lebensmittelkontrollen zu. Abgehalten...........................................................4163  Drucks. 20/3740 .............................................4169 Robert Lambrou...................................................4161 Abgehalten...........................................................4176 Wiebke Knell.......................................................4169",negative,0.9588721990585328,HATE,0.5156488418579102
047461152_20_2019-24_pdf_055_047461152_20_2019-24_pdf_055_0001,flucht,aktuelle,aktuell,"Stunde ser Gewaltausbruch darf nicht belohnt Fraktion der Freien Demokraten werden. Der nächste Wilke-Wurst-Skandal steht  Drucks. 20/3739 .............................................4161 vor der Tür. Ministerin Hinz stimmt Ausdünnung der Lebensmittelkontrollen zu. Abgehalten...........................................................4163  Drucks. 20/3740 .............................................4169 Robert Lambrou...................................................4161 Abgehalten...........................................................4176 Wiebke Knell.......................................................4169 79. Antrag Aktuelle Stunde Lena Arnoldt........................................................4171 Fraktion DIE LINKE Heidemarie Scheuch-Paschkewitz.......................4172 Flucht hat Gründe: Flüchtlinge aus Moria Knut John.............................................................4172 in Hessen aufnehmen  Landesaufnahme- Gerhard Schenk...................................................4174 programm endlich umsetzen Vanessa Gronemann............................................4174  Drucks. 20/3744 .............................................4163 Ministerin Priska Hinz.........................................4175 Abgehalten...........................................................4169 57. Antrag 76. Antrag Aktuelle Stunde Frank-Tilo Becher (SPD), Lisa Gnadl Fraktion der SPD (SPD), Ulrike Alex (SPD), Wolfgang Decker Kurzarbeit hilft vielen",negative,0.9622350335121156,HATE,0.5156488418579102
047461152_20_2019-24_pdf_055_047461152_20_2019-24_pdf_055_0001,flucht,aktuelle,aktuell,"Stunde ser Gewaltausbruch darf nicht belohnt Fraktion der Freien Demokraten werden. Der nächste Wilke-Wurst-Skandal steht  Drucks. 20/3739 .............................................4161 vor der Tür. Ministerin Hinz stimmt Ausdünnung der Lebensmittelkontrollen zu. Abgehalten...........................................................4163  Drucks. 20/3740 .............................................4169 Robert Lambrou...................................................4161 Abgehalten...........................................................4176 Wiebke Knell.......................................................4169 79. Antrag Aktuelle Stunde Lena Arnoldt........................................................4171 Fraktion DIE LINKE Heidemarie Scheuch-Paschkewitz.......................4172 Flucht hat Gründe: Flüchtlinge aus Moria Knut John.............................................................4172 in Hessen aufnehmen  Landesaufnahme- Gerhard Schenk...................................................4174 programm endlich umsetzen Vanessa Gronemann............................................4174  Drucks. 20/3744 .............................................4163 Ministerin Priska Hinz.........................................4175 Abgehalten...........................................................4169 57. Antrag 76. Antrag Aktuelle Stunde Frank-Tilo Becher (SPD), Lisa Gnadl Fraktion der SPD (SPD), Ulrike Alex (SPD), Wolfgang Decker Kurzarbeit hilft vielen",negative,0.9622350335121156,HATE,0.5156488418579102
047461152_20_2019-24_pdf_055_047461152_20_2019-24_pdf_055_0001,flucht,vielen,viel,"Stunde ser Gewaltausbruch darf nicht belohnt Fraktion der Freien Demokraten werden. Der nächste Wilke-Wurst-Skandal steht  Drucks. 20/3739 .............................................4161 vor der Tür. Ministerin Hinz stimmt Ausdünnung der Lebensmittelkontrollen zu. Abgehalten...........................................................4163  Drucks. 20/3740 .............................................4169 Robert Lambrou...................................................4161 Abgehalten...........................................................4176 Wiebke Knell.......................................................4169 79. Antrag Aktuelle Stunde Lena Arnoldt........................................................4171 Fraktion DIE LINKE Heidemarie Scheuch-Paschkewitz.......................4172 Flucht hat Gründe: Flüchtlinge aus Moria Knut John.............................................................4172 in Hessen aufnehmen  Landesaufnahme- Gerhard Schenk...................................................4174 programm endlich umsetzen Vanessa Gronemann............................................4174  Drucks. 20/3744 .............................................4163 Ministerin Priska Hinz.........................................4175 Abgehalten...........................................................4169 57. Antrag 76. Antrag Aktuelle Stunde Frank-Tilo Becher (SPD), Lisa Gnadl Fraktion der SPD (SPD), Ulrike Alex (SPD), Wolfgang Decker Kurzarbeit hilft vielen",negative,0.9622350335121156,HATE,0.5156488418579102
047461152_20_2019-24_pdf_055_047461152_20_2019-24_pdf_055_0001,flüchtlinge,aktuelle,aktuell,"darf nicht belohnt Fraktion der Freien Demokraten werden. Der nächste Wilke-Wurst-Skandal steht  Drucks. 20/3739 .............................................4161 vor der Tür. Ministerin Hinz stimmt Ausdünnung der Lebensmittelkontrollen zu. Abgehalten...........................................................4163  Drucks. 20/3740 .............................................4169 Robert Lambrou...................................................4161 Abgehalten...........................................................4176 Wiebke Knell.......................................................4169 79. Antrag Aktuelle Stunde Lena Arnoldt........................................................4171 Fraktion DIE LINKE Heidemarie Scheuch-Paschkewitz.......................4172 Flucht hat Gründe: Flüchtlinge aus Moria Knut John.............................................................4172 in Hessen aufnehmen  Landesaufnahme- Gerhard Schenk...................................................4174 programm endlich umsetzen Vanessa Gronemann............................................4174  Drucks. 20/3744 .............................................4163 Ministerin Priska Hinz.........................................4175 Abgehalten...........................................................4169 57. Antrag 76. Antrag Aktuelle Stunde Frank-Tilo Becher (SPD), Lisa Gnadl Fraktion der SPD (SPD), Ulrike Alex (SPD), Wolfgang Decker Kurzarbeit hilft vielen hessischen Beschäf( SPD),",negative,0.9920308589935304,HATE,0.5156488418579102
047461152_20_2019-24_pdf_055_047461152_20_2019-24_pdf_055_0001,flüchtlinge,aktuelle,aktuell,"darf nicht belohnt Fraktion der Freien Demokraten werden. Der nächste Wilke-Wurst-Skandal steht  Drucks. 20/3739 .............................................4161 vor der Tür. Ministerin Hinz stimmt Ausdünnung der Lebensmittelkontrollen zu. Abgehalten...........................................................4163  Drucks. 20/3740 .............................................4169 Robert Lambrou...................................................4161 Abgehalten...........................................................4176 Wiebke Knell.......................................................4169 79. Antrag Aktuelle Stunde Lena Arnoldt........................................................4171 Fraktion DIE LINKE Heidemarie Scheuch-Paschkewitz.......................4172 Flucht hat Gründe: Flüchtlinge aus Moria Knut John.............................................................4172 in Hessen aufnehmen  Landesaufnahme- Gerhard Schenk...................................................4174 programm endlich umsetzen Vanessa Gronemann............................................4174  Drucks. 20/3744 .............................................4163 Ministerin Priska Hinz.........................................4175 Abgehalten...........................................................4169 57. Antrag 76. Antrag Aktuelle Stunde Frank-Tilo Becher (SPD), Lisa Gnadl Fraktion der SPD (SPD), Ulrike Alex (SPD), Wolfgang Decker Kurzarbeit hilft vielen hessischen Beschäf( SPD),",negative,0.9920308589935304,HATE,0.5156488418579102
047461152_20_2019-24_pdf_055_047461152_20_2019-24_pdf_055_0001,flüchtlinge,vielen,viel,"darf nicht belohnt Fraktion der Freien Demokraten werden. Der nächste Wilke-Wurst-Skandal steht  Drucks. 20/3739 .............................................4161 vor der Tür. Ministerin Hinz stimmt Ausdünnung der Lebensmittelkontrollen zu. Abgehalten...........................................................4163  Drucks. 20/3740 .............................................4169 Robert Lambrou...................................................4161 Abgehalten...........................................................4176 Wiebke Knell.......................................................4169 79. Antrag Aktuelle Stunde Lena Arnoldt........................................................4171 Fraktion DIE LINKE Heidemarie Scheuch-Paschkewitz.......................4172 Flucht hat Gründe: Flüchtlinge aus Moria Knut John.............................................................4172 in Hessen aufnehmen  Landesaufnahme- Gerhard Schenk...................................................4174 programm endlich umsetzen Vanessa Gronemann............................................4174  Drucks. 20/3744 .............................................4163 Ministerin Priska Hinz.........................................4175 Abgehalten...........................................................4169 57. Antrag 76. Antrag Aktuelle Stunde Frank-Tilo Becher (SPD), Lisa Gnadl Fraktion der SPD (SPD), Ulrike Alex (SPD), Wolfgang Decker Kurzarbeit hilft vielen hessischen Beschäf( SPD),",negative,0.9920308589935304,HATE,0.5156488418579102
047461152_20_2019-24_pdf_055_047461152_20_2019-24_pdf_055_0001,flüchtlingen,vielen,viel,"Fraktion der SPD (SPD), Ulrike Alex (SPD), Wolfgang Decker Kurzarbeit hilft vielen hessischen Beschäf( SPD), Nadine Gersberg (SPD), Dr. Daniela tigten und bedeutet nicht, wie Friedrich Sommer (SPD), Turgut Yüksel (SPD), Merz (CDU) behauptet, sich daran zu ge- Fraktion der SPD wöhnen, ohne Arbeit leben zu können. Humanitäre Aufnahme von Flüchtlingen in  Drucks. 20/3741 .............................................4176 Hessen II Abgehalten...........................................................4182  Drucks. 20/3683 .............................................4163 Abgelehnt.............................................................4264 Ausgegeben am 23. Oktober 2020 Hessischer Landtag, Postfach 3240, 65022 Wiesbaden",neutral,0.9665451049804688,HATE,0.5156488418579102
047461152_20_2019-24_pdf_055_047461152_20_2019-24_pdf_055_0001,flüchtlingen,humanitäre,humanitär,"Fraktion der SPD (SPD), Ulrike Alex (SPD), Wolfgang Decker Kurzarbeit hilft vielen hessischen Beschäf( SPD), Nadine Gersberg (SPD), Dr. Daniela tigten und bedeutet nicht, wie Friedrich Sommer (SPD), Turgut Yüksel (SPD), Merz (CDU) behauptet, sich daran zu ge- Fraktion der SPD wöhnen, ohne Arbeit leben zu können. Humanitäre Aufnahme von Flüchtlingen in  Drucks. 20/3741 .............................................4176 Hessen II Abgehalten...........................................................4182  Drucks. 20/3683 .............................................4163 Abgelehnt.............................................................4264 Ausgegeben am 23. Oktober 2020 Hessischer Landtag, Postfach 3240, 65022 Wiesbaden",neutral,0.9665451049804688,HATE,0.5156488418579102
047461152_20_2019-24_pdf_067_047461152_20_2019-24_pdf_067_0001,flüchtlingsflüge,große,groß,"20. Wahlperiode Plenarprotokoll 20/67 HESSISCHER LANDTAG 16. 03. 2021 67. Sitzung Wiesbaden, den 16. März 2021 Amtliche Mitteilungen........................................5311 Entgegengenommen.............................................5313 Präsident Boris Rhein...........................................5311 Jürgen Frömmrich.......................................5311, 5312, 5312, 5313 Dr. Frank Grobe...................................................5312 Torsten Felstehausen............................................5313 20. Große AnfrageFraktion der AfD Flüchtlingsflüge nach Hessen Drucks. 20/3334 zu Drucks. 20/2676 ...........5312 Antwort zur Kenntnis genommen.........................5312 26. EntschließungsantragFraktion der CDU, Fraktion BÜNDNIS 90/ DIE GRÜNEN Hessen unterstützt die UNAIDS-90/90/90Initiative der Vereinten Nationen  Drucks. 20/2080 .............................................5312 Zurückgezogen.....................................................5312 47. AntragFraktion der CDU, Fraktion BÜNDNIS 90/ DIE GRÜNEN, Fraktion der SPD, Fraktion der Freien Demokraten Gedenkstätte",negative,0.7542370557785034,HATE,0.5300335884094238
047461152_20_2019-24_pdf_078_047461152_20_2019-24_pdf_078_0003,zuwanderung,große,groß,"Tagesordnung abgesetzt.........................6326 17. Große AnfrageDr. Daniela Sommer (SPD), Lisa Gnadl (SPD), Frank-Tilo Becher (SPD), Ulrike Alex (SPD), Wolfgang Decker (SPD), Nadine Gersberg (SPD), Turgut Yüksel (SPD), Fraktion der SPDKinderrechte in Hessen  Drucks. 20/4427 zu Drucks. 20/3469 ...........6326 Von der Tagesordnung abgesetzt.........................6326 18. Große AnfrageFraktion der AfD Fiskalische Lasten der Zuwanderung Drucks. 20/4448 zu Drucks. 20/2962 ...........6326 Von der Tagesordnung abgesetzt.........................6326",neutral,0.5560902953147888,HATE,0.5162594318389893
047461152_20_2019-24_pdf_078_047461152_20_2019-24_pdf_078_0003,zuwanderung,große,groß,"Tagesordnung abgesetzt.........................6326 17. Große AnfrageDr. Daniela Sommer (SPD), Lisa Gnadl (SPD), Frank-Tilo Becher (SPD), Ulrike Alex (SPD), Wolfgang Decker (SPD), Nadine Gersberg (SPD), Turgut Yüksel (SPD), Fraktion der SPDKinderrechte in Hessen  Drucks. 20/4427 zu Drucks. 20/3469 ...........6326 Von der Tagesordnung abgesetzt.........................6326 18. Große AnfrageFraktion der AfD Fiskalische Lasten der Zuwanderung Drucks. 20/4448 zu Drucks. 20/2962 ...........6326 Von der Tagesordnung abgesetzt.........................6326",neutral,0.5560902953147888,HATE,0.5162594318389893
047461152_20_2019-24_pdf_084_047461152_20_2019-24_pdf_084_0002,asylverfahren,deutschen,deutsch,"Mehr Vielfalt jetzt: Kulturwandel und Gleichstellung in der Arbeitswelt vorantreiben  Drucks. 20/6409 ............................................6811 Dem Sozial- und Integrationspolitischen Ausschuss überwiesen...............................................6822 Wiebke Knell.......................................................6811 Sabine Bächle-Scholz......................................... 6812 Felix Martin......................................................... 6814 Andreas Lichert......................................... 6815, 6820 Saadet Sönmez.................................................... 6817 Turgut Yüksel............................................ 6819, 6821 Minister Kai Klose.............................................. 6821 72. AntragFraktion der AfD Reformierung der deutschen Asylverfahren  Drucks. 20/6396 ............................................6822 Abgelehnt.............................................................6861 Volker Richter........................................... 6822, 6830 Taylan Burcu....................................................... 6824 Oliver Ulloth....................................................... 6825 Saadet Sönmez.................................................... 6827 Stefan Müller (Heidenrod).................................. 6828 Alexander Bauer................................................. 6829 Minister Peter Beuth........................................... 6830 Vizepräsidentin Karin Müller.............................. 6856 70. AntragFraktion DIE LINKE Lage in Afghanistan erfordert auch in Hessen entschlossenes Handeln  Aufnahme und Integration",negative,0.7857101559638977,HATE,0.5584538578987122
047461152_20_2019-24_pdf_084_047461152_20_2019-24_pdf_084_0004,zuwanderung,große,groß,"Hauptausschuss überwiesen..........................................6862 30. Große AnfrageDr. Daniela Sommer (SPD), Lisa Gnadl (SPD), Frank-Tilo Becher (SPD), Ulrike Alex (SPD), Wolfgang Decker (SPD), Nadine Gersberg (SPD), Turgut Yüksel (SPD), Fraktion der SPDKinderrechte in Hessen  Drucks. 20/4427 zu Drucks. 20/3469 ...........6862 Von der Tagesordnung abgesetzt.........................6862 31. Große AnfrageFraktion der AfD Fiskalische Lasten der Zuwanderung Drucks. 20/4448 zu Drucks. 20/2962 ...........6862 Von der Tagesordnung abgesetzt.........................6862 32. Große AnfrageVolker Richter (AfD), Dimitri Schulz (AfD), Claudia Papst-Dippel (AfD), Arno Enners (AfD), Fraktion der AfDMuezzin-Rufe in Hessen  Drucks. 20/5128 zu Drucks. 20/3809 ...........6862 Von der Tagesordnung abgesetzt.........................6862 33. Große AnfrageVolker Richter (AfD), Arno Enners (AfD), Klaus Herrmann",negative,0.5645707845687866,HATE,0.5339078307151794
047461152_20_2019-24_pdf_084_047461152_20_2019-24_pdf_084_0004,zuwanderung,große,groß,"Hauptausschuss überwiesen..........................................6862 30. Große AnfrageDr. Daniela Sommer (SPD), Lisa Gnadl (SPD), Frank-Tilo Becher (SPD), Ulrike Alex (SPD), Wolfgang Decker (SPD), Nadine Gersberg (SPD), Turgut Yüksel (SPD), Fraktion der SPDKinderrechte in Hessen  Drucks. 20/4427 zu Drucks. 20/3469 ...........6862 Von der Tagesordnung abgesetzt.........................6862 31. Große AnfrageFraktion der AfD Fiskalische Lasten der Zuwanderung Drucks. 20/4448 zu Drucks. 20/2962 ...........6862 Von der Tagesordnung abgesetzt.........................6862 32. Große AnfrageVolker Richter (AfD), Dimitri Schulz (AfD), Claudia Papst-Dippel (AfD), Arno Enners (AfD), Fraktion der AfDMuezzin-Rufe in Hessen  Drucks. 20/5128 zu Drucks. 20/3809 ...........6862 Von der Tagesordnung abgesetzt.........................6862 33. Große AnfrageVolker Richter (AfD), Arno Enners (AfD), Klaus Herrmann",negative,0.5645707845687866,HATE,0.5339078307151794
047461152_20_2019-24_pdf_084_047461152_20_2019-24_pdf_084_0004,zuwanderung,große,groß,"Hauptausschuss überwiesen..........................................6862 30. Große AnfrageDr. Daniela Sommer (SPD), Lisa Gnadl (SPD), Frank-Tilo Becher (SPD), Ulrike Alex (SPD), Wolfgang Decker (SPD), Nadine Gersberg (SPD), Turgut Yüksel (SPD), Fraktion der SPDKinderrechte in Hessen  Drucks. 20/4427 zu Drucks. 20/3469 ...........6862 Von der Tagesordnung abgesetzt.........................6862 31. Große AnfrageFraktion der AfD Fiskalische Lasten der Zuwanderung Drucks. 20/4448 zu Drucks. 20/2962 ...........6862 Von der Tagesordnung abgesetzt.........................6862 32. Große AnfrageVolker Richter (AfD), Dimitri Schulz (AfD), Claudia Papst-Dippel (AfD), Arno Enners (AfD), Fraktion der AfDMuezzin-Rufe in Hessen  Drucks. 20/5128 zu Drucks. 20/3809 ...........6862 Von der Tagesordnung abgesetzt.........................6862 33. Große AnfrageVolker Richter (AfD), Arno Enners (AfD), Klaus Herrmann",negative,0.5645707845687866,HATE,0.5339078307151794
047461152_20_2019-24_pdf_084_047461152_20_2019-24_pdf_084_0004,zuwanderung,große,groß,"Hauptausschuss überwiesen..........................................6862 30. Große AnfrageDr. Daniela Sommer (SPD), Lisa Gnadl (SPD), Frank-Tilo Becher (SPD), Ulrike Alex (SPD), Wolfgang Decker (SPD), Nadine Gersberg (SPD), Turgut Yüksel (SPD), Fraktion der SPDKinderrechte in Hessen  Drucks. 20/4427 zu Drucks. 20/3469 ...........6862 Von der Tagesordnung abgesetzt.........................6862 31. Große AnfrageFraktion der AfD Fiskalische Lasten der Zuwanderung Drucks. 20/4448 zu Drucks. 20/2962 ...........6862 Von der Tagesordnung abgesetzt.........................6862 32. Große AnfrageVolker Richter (AfD), Dimitri Schulz (AfD), Claudia Papst-Dippel (AfD), Arno Enners (AfD), Fraktion der AfDMuezzin-Rufe in Hessen  Drucks. 20/5128 zu Drucks. 20/3809 ...........6862 Von der Tagesordnung abgesetzt.........................6862 33. Große AnfrageVolker Richter (AfD), Arno Enners (AfD), Klaus Herrmann",negative,0.5645707845687866,HATE,0.5339078307151794
047461152_20_2019-24_pdf_091_047461152_20_2019-24_pdf_091_0001,migrations-und,aktuelle,aktuell,"20. Wahlperiode Plenarprotokoll 20/91 HESSISCHER LANDTAG 09. 12. 2021 91. Sitzung Wiesbaden, den 9. Dezember 2021 Amtliche Mitteilungen........................................7325 78. AntragFraktion der AfD Entgegengenommen.............................................7325 Der hessische Migrations-und Integrati- Vizepräsident Frank Lortz...................................7325 onsweg  Hessen als Fels in der Brandung Holger Bellino.....................................................7325  Weichenstellung des Landes Hessen zum Präsident Boris Rhein..........................................7446 Thema Migration und Integration auf Basisdes Koalitionsvertrages der Fraktionen SPD, BÜNDNIS 90/DIE GRÜNEN und 93. Antrag Aktuelle Stunde FDP im Bund Fraktion BÜNDNIS 90/DIE GRÜNEN  Drucks.",negative,0.961562991142273,HATE,0.5997303128242493
047461152_20_2019-24_pdf_091_047461152_20_2019-24_pdf_091_0001,migration,aktuelle,aktuell,"20. Wahlperiode Plenarprotokoll 20/91 HESSISCHER LANDTAG 09. 12. 2021 91. Sitzung Wiesbaden, den 9. Dezember 2021 Amtliche Mitteilungen........................................7325 78. AntragFraktion der AfD Entgegengenommen.............................................7325 Der hessische Migrations-und Integrati- Vizepräsident Frank Lortz...................................7325 onsweg  Hessen als Fels in der Brandung Holger Bellino.....................................................7325  Weichenstellung des Landes Hessen zum Präsident Boris Rhein..........................................7446 Thema Migration und Integration auf Basisdes Koalitionsvertrages der Fraktionen SPD, BÜNDNIS 90/DIE GRÜNEN und 93. Antrag Aktuelle Stunde FDP im Bund Fraktion BÜNDNIS 90/DIE GRÜNEN  Drucks. 20/6851 .............................................7332 Ende der Versenkung von Kalilauge in Hessen: Erfolg für Werra und Weser Abgelehnt.............................................................7446  Drucks. 20/6890 .............................................7325 79. Antrag Abgehalten...........................................................7332 Fraktion der AfD",negative,0.961562991142273,HATE,0.5997303128242493
047461152_20_2019-24_pdf_091_047461152_20_2019-24_pdf_091_0001,asyl,aktuelle,aktuell,"Basisdes Koalitionsvertrages der Fraktionen SPD, BÜNDNIS 90/DIE GRÜNEN und 93. Antrag Aktuelle Stunde FDP im Bund Fraktion BÜNDNIS 90/DIE GRÜNEN  Drucks. 20/6851 .............................................7332 Ende der Versenkung von Kalilauge in Hessen: Erfolg für Werra und Weser Abgelehnt.............................................................7446  Drucks. 20/6890 .............................................7325 79. Antrag Abgehalten...........................................................7332 Fraktion der AfD Konsequente Umsetzung bestehender asyl 81. Entschließungsantrag gesetzlicher Vorschriften  keine Aufnahme Fraktion der CDU, Fraktion BÜNDNIS 90/ aus Weißrussland einreisender Asylsuchen- DIE GRÜNEN der in das Land Hessen Erfolg für Weser und Werra: Versenkge  Drucks. 20/6852 .............................................7332 nehmigung salzhaltiger Abwässer aus der Kaliproduktion endet Ende 2021 Abgelehnt.............................................................7446  Drucks. 20/6854 .............................................7325 Volker Richter......................................................7332",negative,0.8208817839622498,HATE,0.5997303128242493
047461152_20_2019-24_pdf_095_047461152_20_2019-24_pdf_095_0003,zuwanderung,große,groß,"64. AntragTobias Eckert (SPD), Elke Barth (SPD), Stephan Grüger (SPD), Knut John (SPD), Marius Weiß (SPD), Fraktion der SPDMobilitätspolitik von Barcelona als Vorbild für das Rhein-Main-Gebiet  Drucks. 20/7038 ............................................7752 Dem Ausschuss für Wirtschaft, Energie, Verkehr und Wohnen zur abschließenden Beratung überwiesen...................................................7752 24. Große AnfrageFraktion der AfD Fiskalische Lasten der Zuwanderung Drucks. 20/4448 zu Drucks. 20/2962 ...........7752 Von der Tagesordnung abgesetzt.........................7752 25. Große AnfrageVolker Richter (AfD), Dimitri Schulz (AfD), Claudia Papst-Dippel (AfD), Arno Enners (AfD), Fraktion der AfDMuezzin-Rufe in Hessen  Drucks. 20/5128 zu Drucks. 20/3809 ...........7752 Von der Tagesordnung abgesetzt.........................7752 26. Große AnfrageVolker Richter (AfD), Arno Enners (AfD), Klaus Herrmann",negative,0.7833949327468872,HATE,0.5704255104064941
047461152_20_2019-24_pdf_095_047461152_20_2019-24_pdf_095_0003,zuwanderung,große,groß,"64. AntragTobias Eckert (SPD), Elke Barth (SPD), Stephan Grüger (SPD), Knut John (SPD), Marius Weiß (SPD), Fraktion der SPDMobilitätspolitik von Barcelona als Vorbild für das Rhein-Main-Gebiet  Drucks. 20/7038 ............................................7752 Dem Ausschuss für Wirtschaft, Energie, Verkehr und Wohnen zur abschließenden Beratung überwiesen...................................................7752 24. Große AnfrageFraktion der AfD Fiskalische Lasten der Zuwanderung Drucks. 20/4448 zu Drucks. 20/2962 ...........7752 Von der Tagesordnung abgesetzt.........................7752 25. Große AnfrageVolker Richter (AfD), Dimitri Schulz (AfD), Claudia Papst-Dippel (AfD), Arno Enners (AfD), Fraktion der AfDMuezzin-Rufe in Hessen  Drucks. 20/5128 zu Drucks. 20/3809 ...........7752 Von der Tagesordnung abgesetzt.........................7752 26. Große AnfrageVolker Richter (AfD), Arno Enners (AfD), Klaus Herrmann",negative,0.7833949327468872,HATE,0.5704255104064941
047461152_20_2019-24_pdf_095_047461152_20_2019-24_pdf_095_0003,zuwanderung,große,groß,"64. AntragTobias Eckert (SPD), Elke Barth (SPD), Stephan Grüger (SPD), Knut John (SPD), Marius Weiß (SPD), Fraktion der SPDMobilitätspolitik von Barcelona als Vorbild für das Rhein-Main-Gebiet  Drucks. 20/7038 ............................................7752 Dem Ausschuss für Wirtschaft, Energie, Verkehr und Wohnen zur abschließenden Beratung überwiesen...................................................7752 24. Große AnfrageFraktion der AfD Fiskalische Lasten der Zuwanderung Drucks. 20/4448 zu Drucks. 20/2962 ...........7752 Von der Tagesordnung abgesetzt.........................7752 25. Große AnfrageVolker Richter (AfD), Dimitri Schulz (AfD), Claudia Papst-Dippel (AfD), Arno Enners (AfD), Fraktion der AfDMuezzin-Rufe in Hessen  Drucks. 20/5128 zu Drucks. 20/3809 ...........7752 Von der Tagesordnung abgesetzt.........................7752 26. Große AnfrageVolker Richter (AfD), Arno Enners (AfD), Klaus Herrmann",negative,0.7833949327468872,HATE,0.5704255104064941
047461152_20_2019-24_pdf_099_047461152_20_2019-24_pdf_099_0002,flüchtlinge,europäische,europäisch," Versorgung ukrainischer Kriegsflüchtlinge Drucks. 20/8127 ............................................7941 Angenommen.......................................................7981 86. Dringlicher EntschließungsantragFraktion der AfD Nie wieder Krieg in Europa!: RusslandsAngriff auf die Ukraine verurteilen  europäische Friedensordnung bewahren  Sicherheit, Stabilität und Souveränität der Länder in ganz Europa sichern Drucks. 20/8159 ............................................7941 Abgelehnt.............................................................7981 87. Dringlicher AntragFraktion der AfD Besondere Hilfe für Flüchtlinge aus der Ukraine, die mit Tieren vor dem Krieg inder Ukraine fliehen, und für Tiere, die aus der Ukraine gerettet werden Drucks. 20/8180 ............................................7941 Abgelehnt.............................................................7982 89. Dringlicher AntragFraktion DIE LINKE Die Waffen nieder  Nein zum russischen Angriffskrieg  bestmögliche Versorgung von allen Geflüchteten aus der Ukraine sicherstellen  Drucks.",negative,0.9499807953834534,HATE,0.5972580909729004
047461152_20_2019-24_pdf_104_047461152_20_2019-24_pdf_104_0002,schutzsuchende,aktuelle,aktuell,"Gagel......................................................... 8367 Markus Meysner................................................. 8367 Tobias Eckert....................................................... 8368 Axel Gerntke....................................................... 8369 Minister Tarek Al-Wazir..................................... 8369 66. Antrag Aktuelle StundeFraktion der CDU Solidarität mit der Ukraine  Frieden in Europa  Hessen hilft  AktionsplanUkraine  schnell, umfassend, vorbildhaft  Drucks. 20/8431 ............................................8371 Abgehalten...........................................................8378 75. Dringlicher AntragFraktion der Freien Demokraten Ukrainische Schutzsuchende in Hessen umfangreich unterstützen  Landesregierung muss sich zu ihrer Verantwortung gegenüber Kommunen bekennen  Drucks. 20/8460 ............................................8371 Dem Europaausschuss überwiesen.....................8378 Ines Claus............................................................ 8371 Saadet Sönmez.......................................... 8372, 8378 Sabine Waschke.................................................. 8373 Mathias Wagner (Taunus)................................... 8374 René Rock................................................. 8374, 8377 Erich Heidkamp.................................................. 8375 Minister Axel Wintermeyer................................ 8376 Günter Rudolph................................................... 8378 67.",positive,0.8973453044891357,HATE,0.5800973773002625
047461152_20_2019-24_pdf_104_047461152_20_2019-24_pdf_104_0002,schutzsuchende,schnell,schnell,"Gagel......................................................... 8367 Markus Meysner................................................. 8367 Tobias Eckert....................................................... 8368 Axel Gerntke....................................................... 8369 Minister Tarek Al-Wazir..................................... 8369 66. Antrag Aktuelle StundeFraktion der CDU Solidarität mit der Ukraine  Frieden in Europa  Hessen hilft  AktionsplanUkraine  schnell, umfassend, vorbildhaft  Drucks. 20/8431 ............................................8371 Abgehalten...........................................................8378 75. Dringlicher AntragFraktion der Freien Demokraten Ukrainische Schutzsuchende in Hessen umfangreich unterstützen  Landesregierung muss sich zu ihrer Verantwortung gegenüber Kommunen bekennen  Drucks. 20/8460 ............................................8371 Dem Europaausschuss überwiesen.....................8378 Ines Claus............................................................ 8371 Saadet Sönmez.......................................... 8372, 8378 Sabine Waschke.................................................. 8373 Mathias Wagner (Taunus)................................... 8374 René Rock................................................. 8374, 8377 Erich Heidkamp.................................................. 8375 Minister Axel Wintermeyer................................ 8376 Günter Rudolph................................................... 8378 67.",positive,0.8973453044891357,HATE,0.5800973773002625
047461152_20_2019-24_pdf_111_047461152_20_2019-24_pdf_111_0002,geflüchteter,aktuelle,aktuell,"Torsten Felstehausen........................................... 8844 Markus Hofmann (Fulda).................................... 8845 Stefan Müller (Heidenrod).................................. 8846 Minister Peter Beuth........................................... 8847 80. Antrag Aktuelle StundeFraktion BÜNDNIS 90/DIE GRÜNENGerade nach dem Anschlag in Oslo: Hessen zeigt Flagge für Respekt, Vielfalt und eine freie Gesellschaft  Drucks. 20/8821 ............................................8848 Abgehalten...........................................................8854 54. AntragFraktion DIE LINKE Diskriminierung und Gefährdung queerer Geflüchteter beenden  Drucks. 20/8686 ............................................8848 Dem Sozial- und Integrationspolitischen Ausschuss zur abschließenden Beratung überwiesen........................................................................8854 Felix Martin......................................................... 8848 Elisabeth Kula..................................................... 8849 Florian Schneider................................................ 8850 Volker Richter..................................................... 8850 Wiebke Knell...................................................... 8851 Max Schad........................................................... 8852 Minister Kai Klose.............................................. 8853 81. Antrag Aktuelle StundeFraktion der SPD Skandal  Personalnot in der Justiz gefährdet den",negative,0.9546042680740356,HATE,0.5957071781158447
047461152_20_2019-24_pdf_111_047461152_20_2019-24_pdf_111_0002,geflüchteter,aktuelle,aktuell,"Torsten Felstehausen........................................... 8844 Markus Hofmann (Fulda).................................... 8845 Stefan Müller (Heidenrod).................................. 8846 Minister Peter Beuth........................................... 8847 80. Antrag Aktuelle StundeFraktion BÜNDNIS 90/DIE GRÜNENGerade nach dem Anschlag in Oslo: Hessen zeigt Flagge für Respekt, Vielfalt und eine freie Gesellschaft  Drucks. 20/8821 ............................................8848 Abgehalten...........................................................8854 54. AntragFraktion DIE LINKE Diskriminierung und Gefährdung queerer Geflüchteter beenden  Drucks. 20/8686 ............................................8848 Dem Sozial- und Integrationspolitischen Ausschuss zur abschließenden Beratung überwiesen........................................................................8854 Felix Martin......................................................... 8848 Elisabeth Kula..................................................... 8849 Florian Schneider................................................ 8850 Volker Richter..................................................... 8850 Wiebke Knell...................................................... 8851 Max Schad........................................................... 8852 Minister Kai Klose.............................................. 8853 81. Antrag Aktuelle StundeFraktion der SPD Skandal  Personalnot in der Justiz gefährdet den",negative,0.9546042680740356,HATE,0.5957071781158447
047461152_20_2019-24_pdf_117_047461152_20_2019-24_pdf_117_0001,migranten,aktuelle,aktuell,"sondern Infrastruktur in ländlichen Räumen sichern! Landesregierung muss Verantwortung gerecht werden und gleichwertige Lebensverhältnisse schaffen!  Drucks. 20/9342 .............................................9385 Abgehalten...........................................................9393 Karina Fissmann..................................................9385 Frank Diefenbach................................................9386 Wiebke Knell.......................................................9387 Arno Enners.........................................................9388 Torsten Felstehausen............................................9389 J. Michael Müller (Lahn-Dill).............................9389 Staatssekretär Jens Deutschendorf.......................9391 Dr. Stefan Naas....................................................9392 Günter Rudolph...................................................9393 82. Antrag Aktuelle StundeFraktion der AfD Aufnahmestopp von Migranten in Hessen  SOFORT  Drucks. 20/9343 .............................................9393 Abgehalten...........................................................9396 Volker Richter......................................................9394 Yanki Pürsün........................................................9394 Rolf Kahnt...........................................................9395 Ausgegeben am 14. November 2022 Hessischer Landtag, Postfach 3240, 65022 Wiesbaden",negative,0.608445942401886,HATE,0.6412507891654968
047461152_20_2019-24_pdf_126_047461152_20_2019-24_pdf_126_0002,geflüchteten,aktuelle,aktuell,10250 Hessischer Landtag · 20. Wahlperiode · 126. Sitzung · 26. Januar 2023 72. Antrag Aktuelle StundeFraktion DIE LINKE Ministerpräsident Rhein fischt mit Forderung nach Abschiebeoffensive am rechten Rand  stattdessen muss das Land die Kommunen besser bei der Unterbringung und Versorgung von Geflüchteten unterstützen und sich um die sozialen Probleme in Hessen kümmern!  Drucks. 20/10419 ........................................10273 Abgehalten.........................................................10282 Elisabeth Kula...................................................10273 Nadine Gersberg...............................................10275 Volker Richter...................................................10276 Thomas Hering..................................................10277 Marcus Bocklet.................................................10278 Dr. Stefan Naas.................................................10279 Minister Peter Beuth.........................................10281 73. Antrag Aktuelle StundeFraktion der Freien Demokraten Der Wolf erobert Hessen  Landesregierung lässt Landbevölkerung und Weidetierhalter im Stich,negative,0.9437893033027648,HATE,0.7750756144523621
047461152_20_2019-24_pdf_126_047461152_20_2019-24_pdf_126_0002,geflüchteten,sozialen,sozial,10250 Hessischer Landtag · 20. Wahlperiode · 126. Sitzung · 26. Januar 2023 72. Antrag Aktuelle StundeFraktion DIE LINKE Ministerpräsident Rhein fischt mit Forderung nach Abschiebeoffensive am rechten Rand  stattdessen muss das Land die Kommunen besser bei der Unterbringung und Versorgung von Geflüchteten unterstützen und sich um die sozialen Probleme in Hessen kümmern!  Drucks. 20/10419 ........................................10273 Abgehalten.........................................................10282 Elisabeth Kula...................................................10273 Nadine Gersberg...............................................10275 Volker Richter...................................................10276 Thomas Hering..................................................10277 Marcus Bocklet.................................................10278 Dr. Stefan Naas.................................................10279 Minister Peter Beuth.........................................10281 73. Antrag Aktuelle StundeFraktion der Freien Demokraten Der Wolf erobert Hessen  Landesregierung lässt Landbevölkerung und Weidetierhalter im Stich,negative,0.9437893033027648,HATE,0.7750756144523621
047461152_20_2019-24_pdf_126_047461152_20_2019-24_pdf_126_0002,geflüchteten,aktuelle,aktuell,10250 Hessischer Landtag · 20. Wahlperiode · 126. Sitzung · 26. Januar 2023 72. Antrag Aktuelle StundeFraktion DIE LINKE Ministerpräsident Rhein fischt mit Forderung nach Abschiebeoffensive am rechten Rand  stattdessen muss das Land die Kommunen besser bei der Unterbringung und Versorgung von Geflüchteten unterstützen und sich um die sozialen Probleme in Hessen kümmern!  Drucks. 20/10419 ........................................10273 Abgehalten.........................................................10282 Elisabeth Kula...................................................10273 Nadine Gersberg...............................................10275 Volker Richter...................................................10276 Thomas Hering..................................................10277 Marcus Bocklet.................................................10278 Dr. Stefan Naas.................................................10279 Minister Peter Beuth.........................................10281 73. Antrag Aktuelle StundeFraktion der Freien Demokraten Der Wolf erobert Hessen  Landesregierung lässt Landbevölkerung und Weidetierhalter im Stich,negative,0.9437893033027648,HATE,0.7750756144523621
047461152_20_2019-24_pdf_138_047461152_20_2019-24_pdf_138_0001,einwanderungsgesetz,aktuelle,aktuell,"20. Wahlperiode Plenarprotokoll 20/138 HESSISCHER LANDTAG 29. 06. 2023 138. Sitzung Wiesbaden, den 29. Juni 2023 Amtliche Mitteilungen......................................11345 Entgegengenommen...........................................11346 Vizepräsident Frank Lortz..................................11345 Axel Gerntke.......................................................11346 66. Antrag Aktuelle StundeFraktion der SPD Überall fehlen Fachkräfte, die Bundesregierung handelt. Die Stärkung der Aus-und Weiterbildung und ein modernes Einwanderungsgesetz sind auch gut für Hessen.  Drucks. 20/11268 .........................................11346 Abgehalten.........................................................11354 Günter Rudolph..................................................11346 Marvin Flatten....................................................11347 Volker Richter.....................................................11348 Felix Martin........................................................11349 Rolf Kahnt..........................................................11350 Dr. Stefan Naas...................................................11351 Jan Schalauske....................................................11351 Minister Tarek Al-Wazir.....................................11353 67. Antrag Aktuelle StundeFraktion der Freien Demokraten Kinder in Hessen bestmöglich fördern, Entwertung des Erzieherberufs stoppen Drucks. 20/11269 .........................................11354 Abgehalten.........................................................11360 René Rock...........................................................11354",negative,0.980541467666626,HATE,0.6135501265525818
047461152_20_2019-24_pdf_138_047461152_20_2019-24_pdf_138_0001,einwanderungsgesetz,gut,gut,"20. Wahlperiode Plenarprotokoll 20/138 HESSISCHER LANDTAG 29. 06. 2023 138. Sitzung Wiesbaden, den 29. Juni 2023 Amtliche Mitteilungen......................................11345 Entgegengenommen...........................................11346 Vizepräsident Frank Lortz..................................11345 Axel Gerntke.......................................................11346 66. Antrag Aktuelle StundeFraktion der SPD Überall fehlen Fachkräfte, die Bundesregierung handelt. Die Stärkung der Aus-und Weiterbildung und ein modernes Einwanderungsgesetz sind auch gut für Hessen.  Drucks. 20/11268 .........................................11346 Abgehalten.........................................................11354 Günter Rudolph..................................................11346 Marvin Flatten....................................................11347 Volker Richter.....................................................11348 Felix Martin........................................................11349 Rolf Kahnt..........................................................11350 Dr. Stefan Naas...................................................11351 Jan Schalauske....................................................11351 Minister Tarek Al-Wazir.....................................11353 67. Antrag Aktuelle StundeFraktion der Freien Demokraten Kinder in Hessen bestmöglich fördern, Entwertung des Erzieherberufs stoppen Drucks. 20/11269 .........................................11354 Abgehalten.........................................................11360 René Rock...........................................................11354",negative,0.980541467666626,HATE,0.6135501265525818
047461152_20_2019-24_pdf_138_047461152_20_2019-24_pdf_138_0001,einwanderungsgesetz,aktuelle,aktuell,"20. Wahlperiode Plenarprotokoll 20/138 HESSISCHER LANDTAG 29. 06. 2023 138. Sitzung Wiesbaden, den 29. Juni 2023 Amtliche Mitteilungen......................................11345 Entgegengenommen...........................................11346 Vizepräsident Frank Lortz..................................11345 Axel Gerntke.......................................................11346 66. Antrag Aktuelle StundeFraktion der SPD Überall fehlen Fachkräfte, die Bundesregierung handelt. Die Stärkung der Aus-und Weiterbildung und ein modernes Einwanderungsgesetz sind auch gut für Hessen.  Drucks. 20/11268 .........................................11346 Abgehalten.........................................................11354 Günter Rudolph..................................................11346 Marvin Flatten....................................................11347 Volker Richter.....................................................11348 Felix Martin........................................................11349 Rolf Kahnt..........................................................11350 Dr. Stefan Naas...................................................11351 Jan Schalauske....................................................11351 Minister Tarek Al-Wazir.....................................11353 67. Antrag Aktuelle StundeFraktion der Freien Demokraten Kinder in Hessen bestmöglich fördern, Entwertung des Erzieherberufs stoppen Drucks. 20/11269 .........................................11354 Abgehalten.........................................................11360 René Rock...........................................................11354",negative,0.980541467666626,HATE,0.6135501265525818
047461152_20_2019-24_pdf_138_047461152_20_2019-24_pdf_138_0001,"flüchtlinge,",aktuelle,aktuell,"Abgehalten.........................................................11368 Elisabeth Kula.....................................................11361 Florian Schneider................................................11362 Martina Feldmayer.............................................11362 Wiebke Knell......................................................11364 Michael Ruhl......................................................11365 Klaus Gagel........................................................11365 Ministerin Priska Hinz........................................11366 69. Antrag Aktuelle StundeFraktion der AfD Schwarz-grüne Landesregierung würdigte den 70. Jahrestag des Volksaufstandes in der DDR am 17. Juni 1953 nicht ausreichend  Drucks. 20/11271 .........................................11368 Abgehalten.........................................................11373 41. AntragFraktion der AfD Rentengerechtigkeit für Flüchtlinge, Übersiedler und ehemalige politische Häftlingeaus der DDR  Drucks. 20/10516 .........................................11368 Abgelehnt...........................................................11373 77. Dringlicher EntschließungsantragFraktion der AfD 70 Jahre Volksaufstand  Hessen versagtbeim würdigen Gedenken Drucks. 20/11303 .........................................11368 Abgelehnt...........................................................11373 Dr. Frank Grobe......................................11368, 11373 Minister Axel Wintermeyer................................11369 Ausgegeben am 18. Juli 2023 Hessischer Landtag, Postfach 3240, 65022 Wiesbaden",negative,0.531716525554657,HATE,0.6135501265525818
047461152_20_2019-24_pdf_138_047461152_20_2019-24_pdf_138_0001,"flüchtlinge,",politische,politisch,"Abgehalten.........................................................11368 Elisabeth Kula.....................................................11361 Florian Schneider................................................11362 Martina Feldmayer.............................................11362 Wiebke Knell......................................................11364 Michael Ruhl......................................................11365 Klaus Gagel........................................................11365 Ministerin Priska Hinz........................................11366 69. Antrag Aktuelle StundeFraktion der AfD Schwarz-grüne Landesregierung würdigte den 70. Jahrestag des Volksaufstandes in der DDR am 17. Juni 1953 nicht ausreichend  Drucks. 20/11271 .........................................11368 Abgehalten.........................................................11373 41. AntragFraktion der AfD Rentengerechtigkeit für Flüchtlinge, Übersiedler und ehemalige politische Häftlingeaus der DDR  Drucks. 20/10516 .........................................11368 Abgelehnt...........................................................11373 77. Dringlicher EntschließungsantragFraktion der AfD 70 Jahre Volksaufstand  Hessen versagtbeim würdigen Gedenken Drucks. 20/11303 .........................................11368 Abgelehnt...........................................................11373 Dr. Frank Grobe......................................11368, 11373 Minister Axel Wintermeyer................................11369 Ausgegeben am 18. Juli 2023 Hessischer Landtag, Postfach 3240, 65022 Wiesbaden",negative,0.531716525554657,HATE,0.6135501265525818
047461152_20_2019-24_pdf_141_047461152_20_2019-24_pdf_141_0001,migrationspolitik,aktuelle,aktuell,"20. Wahlperiode Plenarprotokoll 20/141 HESSISCHER LANDTAG 20. 07. 2023 141. Sitzung Wiesbaden, den 20. Juli 2023 Amtliche Mitteilungen......................................11631 Entgegengenommen...........................................11632 Vizepräsident Frank Lortz..................................11631 Oliver Ulloth.......................................................11631 62. Antrag Aktuelle StundeFraktion der AfD Schwere Ausschreitungen rund um das Eritrea- Festival in Gießen  die gescheiterte Migrationspolitik von CDU, GRÜNEN, SPD, FDP und LINKEN führt zunehmend zu Heimatland-Konflikten in Deutschland  Drucks. 20/11391 .........................................11632 Abgehalten.........................................................11639 Robert Lambrou..................................................11632 Dr. h.c. Jörg-Uwe Hahn......................................11633 Elisabeth Kula.....................................................11634 Thomas Hering...................................................11635 Eva Goldbach.....................................................11636 Heike Hofmann (Weiterstadt).............................11637 Minister Peter Beuth...........................................11638 63. Antrag Aktuelle StundeFraktion der SPD Förderprogramme für den ländlichen Raum reichen nicht aus",negative,0.989693820476532,HATE,0.6400761604309082
047461152_20_2019-24_pdf_141_047461152_20_2019-24_pdf_141_0001,migrationspolitik,gescheiterte,gescheitert,"20. Wahlperiode Plenarprotokoll 20/141 HESSISCHER LANDTAG 20. 07. 2023 141. Sitzung Wiesbaden, den 20. Juli 2023 Amtliche Mitteilungen......................................11631 Entgegengenommen...........................................11632 Vizepräsident Frank Lortz..................................11631 Oliver Ulloth.......................................................11631 62. Antrag Aktuelle StundeFraktion der AfD Schwere Ausschreitungen rund um das Eritrea- Festival in Gießen  die gescheiterte Migrationspolitik von CDU, GRÜNEN, SPD, FDP und LINKEN führt zunehmend zu Heimatland-Konflikten in Deutschland  Drucks. 20/11391 .........................................11632 Abgehalten.........................................................11639 Robert Lambrou..................................................11632 Dr. h.c. Jörg-Uwe Hahn......................................11633 Elisabeth Kula.....................................................11634 Thomas Hering...................................................11635 Eva Goldbach.....................................................11636 Heike Hofmann (Weiterstadt).............................11637 Minister Peter Beuth...........................................11638 63. Antrag Aktuelle StundeFraktion der SPD Förderprogramme für den ländlichen Raum reichen nicht aus",negative,0.989693820476532,HATE,0.6400761604309082
047461152_20_2019-24_pdf_141_047461152_20_2019-24_pdf_141_0001,migrationspolitik,zunehmend,zunehmend,"20. Wahlperiode Plenarprotokoll 20/141 HESSISCHER LANDTAG 20. 07. 2023 141. Sitzung Wiesbaden, den 20. Juli 2023 Amtliche Mitteilungen......................................11631 Entgegengenommen...........................................11632 Vizepräsident Frank Lortz..................................11631 Oliver Ulloth.......................................................11631 62. Antrag Aktuelle StundeFraktion der AfD Schwere Ausschreitungen rund um das Eritrea- Festival in Gießen  die gescheiterte Migrationspolitik von CDU, GRÜNEN, SPD, FDP und LINKEN führt zunehmend zu Heimatland-Konflikten in Deutschland  Drucks. 20/11391 .........................................11632 Abgehalten.........................................................11639 Robert Lambrou..................................................11632 Dr. h.c. Jörg-Uwe Hahn......................................11633 Elisabeth Kula.....................................................11634 Thomas Hering...................................................11635 Eva Goldbach.....................................................11636 Heike Hofmann (Weiterstadt).............................11637 Minister Peter Beuth...........................................11638 63. Antrag Aktuelle StundeFraktion der SPD Förderprogramme für den ländlichen Raum reichen nicht aus",negative,0.989693820476532,HATE,0.6400761604309082
047461152_20_2019-24_pdf_141_047461152_20_2019-24_pdf_141_0001,migrationspolitik,aktuelle,aktuell,"20. Wahlperiode Plenarprotokoll 20/141 HESSISCHER LANDTAG 20. 07. 2023 141. Sitzung Wiesbaden, den 20. Juli 2023 Amtliche Mitteilungen......................................11631 Entgegengenommen...........................................11632 Vizepräsident Frank Lortz..................................11631 Oliver Ulloth.......................................................11631 62. Antrag Aktuelle StundeFraktion der AfD Schwere Ausschreitungen rund um das Eritrea- Festival in Gießen  die gescheiterte Migrationspolitik von CDU, GRÜNEN, SPD, FDP und LINKEN führt zunehmend zu Heimatland-Konflikten in Deutschland  Drucks. 20/11391 .........................................11632 Abgehalten.........................................................11639 Robert Lambrou..................................................11632 Dr. h.c. Jörg-Uwe Hahn......................................11633 Elisabeth Kula.....................................................11634 Thomas Hering...................................................11635 Eva Goldbach.....................................................11636 Heike Hofmann (Weiterstadt).............................11637 Minister Peter Beuth...........................................11638 63. Antrag Aktuelle StundeFraktion der SPD Förderprogramme für den ländlichen Raum reichen nicht aus",negative,0.989693820476532,HATE,0.6400761604309082
